Week,ErrorType,Scope,ErrorID,Message,AffectedSites,NumSites,TotalOccurrences
2024-W33,21104_Le local n'existe pas.,Patrimoine - PDS Eau Froide,21104,Le local n'existe pas.,AF796;AI362;AI400;AI428;AI888;AJ235;BI431;BJ407;BK219;BK970;BL652;BR436;CA654;CB680;CD914;CE663;CJ395;CK193;CK194;CL841;CM005;CR387,22,92
2024-W33,40722_Le type de Gestion de Mutation ECS et Eau Chaude doivent être identiques.,Valorisation - Répartition,40722,Le type de Gestion de Mutation ECS et Eau Chaude doivent être identiques.,AF796;BQ302;CK372;CM372;CT454;CT668;CT792;CW250;DB676,9,23
2024-W33,"30115_Seuls les fluides eau froide, eau chaude et CET peuvent faire partie d'une même PCC.",Exploitation - Période consommation,30115,"Seuls les fluides eau froide, eau chaude et CET peuvent faire partie d'une même PCC.",AF872;BF886;BI043;BL754;BN136;BO289;BP218;BP583;BP933;CB808;CC515;CD101;CE338;CF070;CF113;CF229;CG745;CG797;CI595;CI722;CI996;CJ057;CL135;CO721;CQ837;CV600;CZ671,27,29
2024-W33,10724_Les périodes de consommation ne sont pas renseignées.,Contrat - Eau Froide,10724,Les périodes de consommation ne sont pas renseignées.,BI043;BN136;CF113;CI722;CI996,5,5
2024-W33,21303_Le compteur n'existe pas.,Patrimoine - PDS Accessoire,21303,Le compteur n'existe pas.,AL246;BI692;BJ296;BK256;BM096;BN136;BN370;BO913;BP038;BP267;BV917;CA008;CB454;CG346;CG401;CH817;CI163;CI957;CI996;CJ370;CL869;CQ151;CZ842,23,24
2024-W33,23008_Le PDS EF possède une dépose définitive du compteur,Patrimoine - PDS Evènements (Codes Obs),23008,Le PDS EF possède une dépose définitive du compteur,BK123;BK124;BM364;CI618,4,4
2024-W33,21360_Le PDS général doit avoir au moins un compteur historique dans l'onglet S_PdsGenerauxCompteurs.,Patrimoine - PDS Général,21360,Le PDS général doit avoir au moins un compteur historique dans l'onglet S_PdsGenerauxCompteurs.,BK130,1,1
2024-W33,23204_Le PDS virtuel n'est ni un RFC ni un PAS.,Patrimoine - PDS Evènements (Codes Obs),23204,Le PDS virtuel n'est ni un RFC ni un PAS.,BK130;CC448;CC503,3,6
2024-W33,30114_Les périodes de consommation doivent être consécutives.,Exploitation - Exercice Comptable,30114,Les périodes de consommation doivent être consécutives.,BL754;BP218;CC515,3,6
2024-W33,40017_Le traitement correspondant à la période de consommation est manquant.,Exploitation - Période consommation,40017,Le traitement correspondant à la période de consommation est manquant.,BL754;CC515;CF070;CG745;CO721;CS021;CS494,7,7
2024-W33,21405_Le pds n'existe pas.,Patrimoine - Echec Maintenance,21405,Le pds n'existe pas.,BK259;BK294;BK357;BM061;BM070;BM093;BM497;BM591;BO289;BO959;BQ323;BQ404,12,12
2024-W33,40019_Les périodes de chauffe ne doivent pas se chevaucher ou être contigüe.,Valorisation - Traitement,40019,Les périodes de chauffe ne doivent pas se chevaucher ou être contigüe.,BO988;BP528;BP550;CO047;CT987;DA015;DB676,7,12
2024-W33,10702_Le modele d'appareil préconisé doit être renseigné.,Contrat - Eau Froide,10702,Le modele d'appareil préconisé doit être renseigné.,BP071;CK372;CL035,3,3
2024-W33,10727_En présence d'une prestation de relève il doit exister au moins un device actif.,Contrat - Eau Froide,10727,En présence d'une prestation de relève il doit exister au moins un device actif.,BP071;CK372;CL035,3,3
2024-W33,"40014_Une consommation doit être fournie pour le scope Traitement, Local, Fluide, Distribution.",Valorisation - Consommation Local,40014,"Une consommation doit être fournie pour le scope Traitement, Local, Fluide, Distribution.",BP188;CB062,2,16
2024-W33,21129_Le modèle de l'appareil renseigné est pour le fluide EC qui ne correspond pas au fluide du PDS (EF).,Patrimoine - PDS Eau Froide,21129,Le modèle de l'appareil renseigné est pour le fluide EC qui ne correspond pas au fluide du PDS (EF).,AF872;BE228;BN371;BN455;BP477;BP523;BQ599;CB062,8,10
2024-W33,40810_Le montant doit être renseigné.,Valorisation - Répartition Ligne Frais,40810,Le montant doit être renseigné.,BL123;BP627;BP629;BP640;BP641;BP642;BP792;BP795;BQ301;BQ302;BQ547;BR436;BZ871;CC515;CD312;CE338;CG015;CG800;CH068;CH497;CI916;CJ138;CJ395;CJ433;CJ717;CO527;CP678,27,46
2024-W33,21004_Le local n'existe pas.,Patrimoine - PDS Eau Chaude,21004,Le local n'existe pas.,BR436;CB680;CD914;CR387,4,11
2024-W33,30116_Il doit exister une prestation de relève pour les fluides présents dans une PCC.,Exploitation - Période consommation,30116,Il doit exister une prestation de relève pour les fluides présents dans une PCC.,BK404;BP973;CB794;CD682;CI535,5,42
2024-W33,10713_En présence d'une prestation de relève il doit exister une prestation de pose.,Contrat - Eau Froide,10713,En présence d'une prestation de relève il doit exister une prestation de pose.,CM005,1,1
2024-W33,10237_Le site possède un contrat suspendu.,Contrat - Infos générales,10237,Le site possède un contrat suspendu.,CP319,1,1
2024-W33,40005_Il doit y avoir au moins une période de chauffe renseignée lorsque le traitement concerne du RFC et/ou du CET.,Valorisation - Traitement,40005,Il doit y avoir au moins une période de chauffe renseignée lorsque le traitement concerne du RFC et/ou du CET.,CJ138;CV263,2,2
2024-W33,30214_Au moins un fluide doit être renseigné pour la période de répartition.,Exploitation - Période répartition,30214,Au moins un fluide doit être renseigné pour la période de répartition.,DB804,1,1
2024-W33,"_Une erreur est survenue lors de la validation du site ""CM916"" : Invalid object name 'dwh.ContratSite'.",,,"Une erreur est survenue lors de la validation du site ""CM916"" : Invalid object name 'dwh.ContratSite'.",CM916,1,1
2024-W33,"_Une erreur est survenue lors de la validation du site ""CS096"" : Invalid object name 'dwh.ContratSite'.",,,"Une erreur est survenue lors de la validation du site ""CS096"" : Invalid object name 'dwh.ContratSite'.",CS096,1,1
2024-W33,40817_Seul le poste ChauffageEtEcs peut être attribué pour des frais d'énergie avec ECS dans le mode de répartition pourcentage.,Valorisation - Répartition Ligne Frais,40817,Seul le poste ChauffageEtEcs peut être attribué pour des frais d'énergie avec ECS dans le mode de répartition pourcentage.,AB653;DA015,2,4
2024-W33,22603_L'occupation n'existe pas.,Patrimoine - Occupation Acompte,22603,L'occupation n'existe pas.,AH687;CA116;CA204,3,4
2024-W33,10219_L'adresse du client contractuel doit être renseignée.,Contrat - Infos générales,10219,L'adresse du client contractuel doit être renseignée.,BH120,1,1
2024-W33,10220_Le code postal du client contractuel doit être renseigné.,Contrat - Infos générales,10220,Le code postal du client contractuel doit être renseigné.,BH120,1,1
2024-W33,10221_La ville du client contractuel doit être renseignée.,Contrat - Infos générales,10221,La ville du client contractuel doit être renseignée.,BH120,1,1
2024-W33,30404_Le message de la note doit être renseigné.,Exploitation - Note,30404,Le message de la note doit être renseigné.,BK207;BP182,2,2
2024-W33,"22910_Le PDS général possède une Pose, non initiale, qui n'est pas précédée par une Dépose.",Patrimoine - PDS Evènements (Codes Obs),22910,"Le PDS général possède une Pose, non initiale, qui n'est pas précédée par une Dépose.",BM161;BM364,2,2
2024-W33,"22905_Le PDS EF possède une Pose, non initiale, qui n'est pas précédée par une Dépose.",Patrimoine - PDS Evènements (Codes Obs),22905,"Le PDS EF possède une Pose, non initiale, qui n'est pas précédée par une Dépose.",BM364,1,1
2024-W33,22809_Il manque la valeur de la clé libre pour un ou plusieurs exercices,Patrimoine - Local Cle Libre,22809,Il manque la valeur de la clé libre pour un ou plusieurs exercices,BN189;CG591;CI595,3,13
2024-W33,"40814_Une seule clé, libre ou pré-définie, peut être renseignée.",Valorisation - Répartition Ligne Frais,40814,"Une seule clé, libre ou pré-définie, peut être renseignée.",BN189;CG591,2,15
2024-W33,20902_Impossible de réaliser une pose sur un pds sans radiateur déclaré.,Patrimoine - Pose RFC,20902,Impossible de réaliser une pose sur un pds sans radiateur déclaré.,BO848;CG949;CH057;CI297;CJ001;CJ006;CJ541,7,9
2024-W33,21714_Le modèle n'existe pas dans le référentiel Imago.,Patrimoine - Maintenance Dépose/Pose Eau chaude,21714,Le modèle n'existe pas dans le référentiel Imago.,BP627;BP629;BP630,3,65
2024-W33,21028_Le modèle de l'appareil renseigné est pour le fluide EF qui ne correspond pas au fluide du PDS (EC).,Patrimoine - PDS Eau Chaude,21028,Le modèle de l'appareil renseigné est pour le fluide EF qui ne correspond pas au fluide du PDS (EC).,BP629;BQ599;CO047;CO068;CO831;CP678;CQ841,7,150
2024-W33,"22904_Le PDS EC possède une Pose, non initiale, qui n'est pas précédée par une Dépose.",Patrimoine - PDS Evènements (Codes Obs),22904,"Le PDS EC possède une Pose, non initiale, qui n'est pas précédée par une Dépose.",BP629;CE749;CI724;CN987,4,5
2024-W33,23009_Le PDS EC possède une dépose définitive du compteur,Patrimoine - PDS Evènements (Codes Obs),23009,Le PDS EC possède une dépose définitive du compteur,BP629;CI724;CN987,3,4
2024-W33,"40012_Une consommation doit être fournie pour le scope Traitement, PDS General, Fluide.",Valorisation - Consommation PDS,40012,"Une consommation doit être fournie pour le scope Traitement, PDS General, Fluide.",BP866,1,1
2024-W33,40216_Si 2 indexes pour la même date alors l'un doit être de type Réel et l'autre de type Forcé.,Valorisation - Index,40216,Si 2 indexes pour la même date alors l'un doit être de type Réel et l'autre de type Forcé.,BP866,1,1
2024-W33,21818_La VI ne peut être déclarée que si une prestation de VI existe.,Patrimoine - Maintenance Dépose/Pose CET,21818,La VI ne peut être déclarée que si une prestation de VI existe.,BP882,1,7
2024-W33,21222_Les champs de la pose doivent être tous vides ou tous renseignés.,Patrimoine - PDS CET,21222,Les champs de la pose doivent être tous vides ou tous renseignés.,BP900;BQ433;BQ545,3,38
2024-W33,10602_Le modele d'appareil préconisé doit être renseigné.,Contrat - CET,10602,Le modele d'appareil préconisé doit être renseigné.,BQ313,1,1
2024-W33,10633_En présence d'une prestation de relève il doit exister au moins un device actif.,Contrat - CET,10633,En présence d'une prestation de relève il doit exister au moins un device actif.,BQ313,1,1
2024-W33,30210_La date de fin doit être égale à la date de fin de la dernière PCC.,Exploitation - Période répartition,30210,La date de fin doit être égale à la date de fin de la dernière PCC.,BQ398,1,1
2024-W33,20805_Le local n'existe pas.,Patrimoine - PDS RFC,20805,Le local n'existe pas.,BR122,1,13
2024-W33,20807_La pièce n'existe pas.,Patrimoine - PDS RFC,20807,La pièce n'existe pas.,BR122,1,13
2024-W33,40405_Le Local n'existe pas.,Valorisation - Consommation Local,40405,Le Local n'existe pas.,BR122,1,18
2024-W33,21204_Le local n'existe pas.,Patrimoine - PDS CET,21204,Le local n'existe pas.,BR436,1,1
2024-W33,40218_Un index d'occupation ne peut pas être négatif.,Valorisation - Index,40218,Un index d'occupation ne peut pas être négatif.,BZ851,1,2
2024-W33,20516_Le code postal doit être sur 5 caractères et composé uniquement de chiffres.,Patrimoine - Site Construit,20516,Le code postal doit être sur 5 caractères et composé uniquement de chiffres.,CB507;CR458,2,90
2024-W33,"22906_Le PDS RFC possède une Pose, non initiale, qui n'est pas précédée par une Dépose.",Patrimoine - PDS Evènements (Codes Obs),22906,"Le PDS RFC possède une Pose, non initiale, qui n'est pas précédée par une Dépose.",CD895;CJ398;CO012,3,3
2024-W33,10217_Le nom du client contractuel doit être renseigné.,Contrat - Infos générales,10217,Le nom du client contractuel doit être renseigné.,CG470,1,1
2024-W33,23111_Non Pose incohérente située entre deux poses.,Patrimoine - PDS Evènements (Codes Obs),23111,Non Pose incohérente située entre deux poses.,CI724,1,1
2024-W33,30005_La date de début doit être antérieure à la date de fin.,Exploitation - Exercice Comptable,30005,La date de début doit être antérieure à la date de fin.,CJ138,1,1
2024-W33,23103_La Non Pose EC a un code observation inéligible.,Patrimoine - PDS Evènements (Codes Obs),23103,La Non Pose EC a un code observation inéligible.,CN987,1,1
2024-W33,40713_La clé de répartition des frais ECS doit être renseignée.,Valorisation - Répartition,40713,La clé de répartition des frais ECS doit être renseignée.,CO115,1,5
2024-W33,40728_Il existe des lignes de frais avec les postes DeductionEcs et Chauffage sur la répartition et ces postes ne sont pas compatibles entre eux.,Valorisation - Répartition,40728,Il existe des lignes de frais avec les postes DeductionEcs et Chauffage sur la répartition et ces postes ne sont pas compatibles entre eux.,DA015,1,1
2024-W33,"20217_Le site possède trop de traitements pour être migré. Cette restriction est temporaire, le site pourra être migré prochainement.",Validation DataWareHouse,20217,"Le site possède trop de traitements pour être migré. Cette restriction est temporaire, le site pourra être migré prochainement.",AZ917,1,1
